epoch,train_loss,val_accuracy,precision,recall,f1,epoch_time
1,0.4422299165067551,0.9330870180657854,0.9331195088558937,0.9330870180657854,0.9315555311121447,3369.7361211776733
