epoch,train_loss,val_accuracy,precision,recall,f1,epoch_time
5,0.1903328767397068,0.9328950840910727,0.9331964694835401,0.9328950840910727,0.9321847361610741,1712.2852053642273
6,0.18015024430327922,0.9348384155850388,0.9419068683761432,0.9348384155850388,0.9358943203311957,1710.2144830226898
7,0.1702245594746343,0.9317914637364747,0.9360979575182252,0.9317914637364747,0.9328359617037024,1710.5045146942139
8,0.16220301524540187,0.9346704733571651,0.9429243400872366,0.9346704733571651,0.9355131718003118,1718.9847977161407
9,0.1545498963765514,0.9334229025215326,0.9405827921366807,0.9334229025215326,0.9347287066331863,1703.9643585681915
10,0.1486941830781195,0.9340466879393489,0.9430835496983937,0.9340466879393489,0.9352454894511705,1701.1209762096405
