epoch,train_loss,val_accuracy,precision,recall,f1,epoch_time
4,0.20385731533305954,0.9334468942683717,0.9367489269623035,0.9334468942683717,0.9340538730519962,1710.493772983551
